,en,it
PLAY,Play,Gioca
HOW TO PLAY,How to Play,Regole
MY STATS,My Stats,Statistiche
CREDITS,Credits,Crediti
,,
PROFILE,Profile,Profilo
AUDIO,Audio,Audio
USERNAME,Username,Username
NEW NAME HERE,New Name Here,Nuovo Username
CHANGE,Change,Cambia
TITLE,Title,Titolo
TITLES,Titles,Titoli
TITLES UNLOCKED,Titles Unlocked,Titoli Sbloccati
AVATAR,Avatar,Avatar
AVATARS,Avatars,Avatar
AVATARS UNLOCKED,Avatars Unlocked,Avatar Sbloccati
,,
ANONYMOUS PLAYER,Anonymous Player,Giocatore Anonimo
JUST WANNA HAVE FUN,Just Wanna Have Fun,Vorrei Divertirmi
MISCHIEVOUS TROLL,Mischievous Troll,Troll Dispettoso
DEPRESSED+REPRESSED,Depressed+Repressed,Depresso+Represso
FAKE FRIEND,Fake Friend,Falso Amico
SEND HELP,Send Help,Aiuto
CERTIFIED TRYHARD,Certified Tryhard,Tryhard Certificato
NO MORE FRIENDS,No More Friends,Senza Amici!
SECOND NAME: GYM,Second Name: Gym,Palestra di Cognome
PERSISTENT,Persistent,Persistente
RESOURCEFUL,Resourceful,Pieno di Risorse
LOOSE CANNON,Loose Cannon,Mina Vagante
LIVING ON A PRAYER,Living On A Prayer,Speriamo Bene
VICTIM,Victim,Vittima
SPEEDRUNNER,Speedrunner,Speedrunner
STEADY NERVES,Steady Nerves,Nervisaldi
HOLIDAYS RUINED,Holidays Ruined,Vacanze Rovinate
ACTUAL CRIMINAL,Actual Criminal,Criminale Ricercato
MAIN CHARACTER,Main Character,Er Protagonista
PLAYER OF NO REKNOWN,Player of no Reknown,Giocatore Senza Fama
,,
PLAY TO UNLOCK MORE,Play to unlock more,Sbloccali giocando
VERY NICE,Very nice,Molto bene
KEEP EM COMING,Keep 'em coming,Continua cos√¨!
ALMOST THERE,Almost there!,Ci sei quasi!
ALL TITLES GOT,All Titles: GOT,Titoli: 100%
ALL AVATARS GOT,All Avatars: GOT,Avatar: 100%
,,
BOT,Bot,Bot
,,
UNLOCKED AT THE START,Unlocked at the start,Sbloccato all'inizio
LOSE A GAME,Lose a game,Perdi una partita
WIN A GAME,Win a game,Vinci una partita
LOSE 5 GAMES,Lose 5 games,Perdi 5 partite
WIN 5 GAMES,Win 5 games,Vinci 5 partite
PLAY 20 GAMES,Play 20 games,Gioca 20 partite
TRAVEL 150 TILES IN A SINGLE GAME,Travel 150 tiles in a single game,Percorri 150 caselle nella stessa partita
GET SENT BACK TO THE START THRICE IN A SINGLE GAME,Get sent back to the start thrice in a single game,Torna al via 3 volte nella stessa partita
DRAW 10 RED CARDS IN A SINGLE GAME,Draw 10 Red Cards in a single game,Pesca 10 Carte Rosse nella stessa partita
DRAW 20 BLACK CARDS IN A SINGLE GAME,Draw 20 Black Cards in a single game,Pesca 20 Carte Nere nella stessa partita
DRAW 2 ORANGE CARDS IN A SINGLE GAME,Draw 2 Orange Cards in a single game,Pesca 2 Carte Arancioni nella stessa partita
DISCARD 3 OR MORE RED CARDS IN A SINGLE GAME,Discard 3 or more Red Cards in a single game,Scarta 3 Carte Rosse nella stessa partita
WIN A GAME IN LESS THAN 20 MINUTES,Win a game in less than 20 minutes,Vinci una partita in meno di 20 minuti
WIN A GAME IN 45 MINUTES OR MORE,Win a game in 45 minutes or more,Vinci una partita in 45+ minuti
PLAY DURING CHRISTMAS,Play during Christmas,Gioca a Natale
SEND SOMEONE TO THE START 5 TIMES IN A SINGLE GAME,Send someone to the start 5 times in a single game,Manda qualcuno al via 5 volte nella stessa partita
PULL OFF A COMBO,Pull off a combo,Attiva una combo
DRAW FEWER RED CARDS THAN OTHER PLAYERS AND STILL WIN,Draw fewer Red Cards than other players and still win,Pesca meno Carte Rosse degli altri giocatori e vinci
,,
LOSE 3 GAMES,Lose 3 games,Perdi 3 partite
WIN 3 GAMES,Win 3 games,Vinci 3 partite
PLAY 10 GAMES,Play 10 games,Gioca 10 partite
SKIP 5 TURNS IN A SINGLE GAME,Skip 5 turns in a single game,Salta 5 turni nella stessa partita
GET JAILED THRICE IN A SINGLE GAME,Get jailed thrice in a single game,Vai in prigione 3 volte nella stessa partita
HOLD A HAND OF 7 CARDS,Hold a hand of 7 cards,Tieni 7 carte in mano
MAKE PLAYERS GO BACK 100 TILES IN A SINGLE GAME,Make players go back 100 tiles in a single game,Manda indietro di 100 casella i giocatori in una partita
NEGATE 10 BLACK CARDS,Negate 10 Black Cards,Nega 10 Carte Nere
ACTIVATE 3 REACTIONS IN A SINGLE GAME,Activate 3 Reactions in a single game,Attiva 3 Reazioni nella stessa partita
DRAW 100 CARDS,Draw 100 cards,Pesca 100 carte
PLAY FOR 24 HOURS,Play for 24 hours,Gioca per 24 ore
PLAY DURING HALLOWEEN,Play during Halloween,Gioca ad Halloween
LOSE A GAME WHILE STILL AT THE START,Lose a game while still at the start,Perdi una partita mentre sei ancora al via
WIN A GAME WITH THE OTHER PLAYERS NOT EVEN AT TILE 18,Win a game with the other players not even at tile 18,Vinci mentre sei il solo giocatore oltre la casella 18
REFLECT A CERTAIN POWERFUL RED CARD,Reflect a certain powerful Red Card,Rifletti una certa potente Carta Rossa
,,
PLEASE TYPE A NAME,Please type a name,"Prego, digitare un nome"
PLEASE TYPE A NAME SHORTER THAN 12 CHARACTERS,Please type a name shorter than 12 characters,"Prego, digitare un nome di 12 o meno caratteri"
,,
GAMES PLAYED,Games played,Partite giocate
GAMES WON,Games won,Partite vinte
GAMES LOST,Games lost,Partite perse
SHORTEST GAME,Shortest game,Partita piu' corta
LONGEST GAME,Longest game,Partita piu' lunga
GAMES QUIT,Games quit,Partite abbandonate
TILES TRAVELED,Tiles traveled,Caselle percorse
TIMES SENT BACK TO THE START,Times sent back to the start,Volte rimandato al via
TIMES JAILED,Times jailed,Volte imprigionato
TILES MADE OTHER PLAYERS GO BACK,Tiles made other players go back,Caselle fatte indietreggiare agli altri giocatori
TIMES SENT ANOTHER PLAYER BACK TO THE START,Times sent another player back to the start,Volte rimandato un altro giocatore al via
RED CARDS DRAWN,Red Cards drawn,Carte Rosse pescate
BLACK CARDS DRAWN,Black Cards drawn,Carte Nere pescate
ORANGE CARDS DRAWN,Orange Cards drawn,Carte Arancioni pescate
RED CARDS ACTIVATED,Red Cards activated,Carte Rosse attivate
COMBOS ACTIVATED,Combos activated,Combo attivate
REACTIONS ACTIVATED,Reactions activated,Reazioni attivate
RED CARDS NEGATED,Red Cards negated,Carte Rosse negate
BLACK CARDS NEGATED,Black Cards negated,Carte Nere negate
ORANGE CARDS NEGATED,Orange Cards negated,Carte Arancioni negate
CARDS STOLEN FROM OTHER PLAYERS,Cards stolen from other players,Carte rubate ad altri giocatori
CARDS DISCARDED,Cards discarded,Carte scartate
TURNS SKIPPED,Turns skipped,Turni saltati
TIME WASTED HERE,Time wasted here,Tempo sprecato qui
,,
WOULD YOU LIKE TO RESET YOUR STATS?,"Would you like
to reset your stats?","Vuoi resettare
le tue statistiche?"
THIS WILL ALSO RESET ANY TITLES AND AVATARS YOU PREVIOUSLY UNLOCKED,"This will also reset
any titles and avatars
you previously unlocked.","Questo resettera'
anche i titoli ed avatar
che hai sbloccato."
U SURE?,U sure?,Sicuro?
,,
START,Start,Inizio
TURNS_CAP,Turns,Turni
CARDS,Cards,Carte
TILES,Tiles,Caselle
,,
BEFORE THE START OF THE GAME EACH PLAYER CHOOSES A COLOR,"Before the start of the game
each player chooses a color.","Prima di iniziare ciascun
giocatore sceglie un colore."
THEN EACH PLAYER ROLLS A DICE,"Then each player rolls a dice:
The player with the highest roll
gets to starts the game.
(if multiple players have the
highest roll they roll again)","Poi ognuno tira un dado:
Il giocatore con il valore
piu' alto inizia la partita.
(in caso di pareggio allora
i giocatori coinvolti tirano ancora)"
,,
DURING YOUR TURN YOU CAN ROLL THE DICE,"During your turn you can roll the dice;
this makes your pawn advance as many
tiles as the result and ends your turn.
The turn order proceeds clockwise.","Durante il tuo turno puoi tirare il dado;
cosi' la tua pedina avanza del risultato
ed il tuo turno termina.
L'ordine dei turni segue il senso orario."
"BEFORE DOING THAT, YOU CAN ALSO PLAY A RED CARD","Before doing that, you can also
play a Red Card by dragging it
to the center of the board.","Prima di cio', puoi anche giocare
una Carta Rossa trascinandola
al centro del tabellone."
,,
RED CARDS,Red Cards,Carte Rosse
HELPFUL CARDS THAT ARE ADDED,"Helpful cards that are
added to the player's hand
after drawing them (max 7).
You can activate one each of
your turns before rolling.","Carte utili aggiunte alla
mano del giocatore dopo
averle pescate (max 7).
Puoi attivarne una ogni tuo
turno prima di tirare il dado."
BLACK/ORANGE CARDS,Black/Orange Cards,Carte Nere/Arancioni
CARDS WITH MIXED EFFECTS ACTIVATED IMMEDIATELY,"Cards with mixed effects activated
immediately when drawn.
Orange cards are rarer but have
more dangerous effects.","Carte con effetti misti che sono
attivati non appena sono pescate.
Quelle arancioni sono piu' rare ma
hanno anche effetti piu' pericolosi."
REACTIONS,Reactions,Reazioni
RED CARDS WITH SPECIAL ACTIVATION,"Red cards that can be
used anytime when their
special requirements are
satisfied, except against
other reactions.","Carte rosse utilizzabili
qualora le loro condizioni
di attivazione sono
soddisfatte, tranne
contro altre reazioni."
TAP ON A CARD TO READ ITS EFFECT, Tap on a card to read its effect, Tocca una carta per leggerne l'effetto
,,
DIFFERENT TYPES OF TILE,Different types of tile have different effects:,Caselle di tipo diverso hanno effetti diversi:
DRAW A RED CARD,"Draw a
Red Card","Pesca una
Carta Rossa"
DRAW A BLACK CARD,"Draw a
Black Card","Pesca una
Carta Nera"
DRAW AN ORANGE CARD,"Draw an
Orange Card","Pesca una
Carta Arancione"
ROLL AGAIN,Roll Again,Ritira il dado
SKIP YOUR NEXT TURN,"Skip your
next turn","Salta il tuo
prossimo turno"
MOVE UP 1 TILE OR GET A RED CARD FROM AN OPPONENT,"Move up 1 tile or
get a Red Card from
an opponent","Avanza di una casella
o ricevi una Carta Rossa
da un avversario"
ROLL ODD/EVEN AND GO TO THE TILE POINTED,"Roll odd/even and go
the tile pointed by the
corresponding arrow","Tira pari/dispari e vai
alla casella puntata dalla
freccia corrispondente"
GO BACK TO THE START,"Go back
to the start","Torna
al via"
STAY IN JAIL FOR 2 TURNS,"You are jailed
for 2 turns:
Each turn in jail roll
twice; if you roll
the same number
twice escape and
move up that much,
else end your turn.
You can't use most
Red Cards while
jailed.","Sei in prigione
per 2 turni:
Ogni turno tira
il dado 2 volte;
se fai lo stesso
numero evadi ed
avanza, altrimenti
termina il turno.
Non puoi usare
Carte Rosse mentre
sei in prigione."
VICTORY,VICTORY,VITTORIA
,,
PLAY WITH FRIENDS,"Play with
Friends","Gioca con
Amici"
BOT MATCH,"Bot
Match","Gioca con
la CPU"
,,
CHOOSE A COLOR,Choose a Color,Scegli un Colore
CLICK TO START,Click to Start,Clicca per Iniziare
,,
CREATE ROOM,Create Room,Crea una Stanza
JOIN ROOM,Join Room,Entra in Stanza
LEAVE,Leave,Esci
CANCEL,Cancel,Cancella
...NO HOST FOUND...,...No host found...,...Stanza non trovata...
SHOW,Show,Mostra
REALLY?,Really?,Davvero?
HIDE,Hide,Nascondi
YOUR IP,Your IP,Il tuo IP
HOST'S IP,Host's IP,IP dell'ospite
,,
USE YING AND YANG TOGETHER?,"Use Ying and
Yang together?","Vuoi usare
Ying e Yang
assieme?"
"USE KEBAB, BREAD AND SAUCE TOGETHER?","Use Kebab,
Bread and Sauce
together?","Vuoi usare
Kebab, Panino e
Salsa assieme?"
,,
'S TURN,%s's Turn,Turno di %s
,,
WINS!,Wins!,ha Vinto!
'S STATS,%s's Stats,Statistiche di %s
PLAY AGAIN,Play Again,Gioca Ancora
MAIN MENU,Main Menu,Torna al Menu'
,,
CHOOSE,Choose,Scegli
STOP,Stop,Basta
,,
REACT!,React!,Reagisci
PASS,Pass,Passa
,,
TURN,Turn,Turno
CURRENT,Current,Tocca a
RED,Red,Rosso
BLUE,Blue,Blu
GREEN,Green,Verde
YELLOW,Yellow,Giallo
RED'S TILE,Red's Tile,Casella Rosso
BLUE'S TILE,Blue's Tile,Casella Blu
GREEN'S TILE,Green's Tile,Casella Verde
YELLOW'S TILE,Yellow's Tile,Casella Giallo
,,
THE MATCH STARTS!,The match starts!,Inizia la partita!
HAS TO CHOOSE BETWEEN A +5 AND A +6,has to choose between a +5 and a +6,deve scegliere tra un +5 ed un +6
HAS TO CHOOSE BETWEEN A +1 AND GETTING A GIFT,has to choose between a +1 and getting a gift,deve scegliere tra un +1 e ricevere un regalo
GETS A GIFT FROM...,get a gift from...,riceve un regalo da...
GETS TO ROLL AGAIN,gets to roll again,deve tirare ancora
HAS TO ROLL EVEN OR ODD,has to roll even or odd,deve tirare pari o dispari
STARTS THE MATCH,starts the match,inizia la partita
SKIPS A TURN,skips a turn,salta un turno
IS IN JAIL,is in jail,e' in prigione
IT'S X'S TURN,It's %s's turn,Tocca a %s
ADVANCES 1 TILE,advances 1 tile,avanza di una casella
ADVANCES X TILES,advances %s tiles,avanza %s caselle
GOES BACK 1 TILE,goes back 1 tile,indietreggia di una casella
GOES BACK X TILES,goes back %s tiles,indietreggia di %s caselle
DOESN'T MOVE,doesn't move,non si muove
ADVANCED TO TILE,advanced to tile,avanza alla casella
WENT BACK TO TILE,went back to tile,torna alla casella
STAYS ON TILE,stays on tile,resta sulla casella
IS SENT TO TILE,is sent to tile,arriva sulla casella
DRAWS A RED CARD,draws a Red Card,pesca una Carta Rossa
CAN'T DRAW ANY MORE RED CARDS,can't draw any more Red Cards,non puo' pescare altre Carte Rosse
DRAWS A BLACK CARD,draws a Black Card,pesca una Carta Nera
CAN'T DRAW ANY MORE BLACK CARDS,can't draw any more Black Cards,non puo' pescare altre Carte Nere
DRAWS AN ORANGE CARD,draws a Orange Card,pesca una Carta Arancione
STARTS ESCAPING WITH A,starts escaping with a,prova ad evadere con un
AND FOLLOWS IT WITH A,And follows it with a,E segue con un
ESCAPED!,escaped!,evade!
GOT RELEASED,got released,esce di prigione
STAYS IN JAIL,stays in jail,resta in prigione
DISCARDS A CARD,discards a card,scarta una carta
RETRIEVES A CARD,retrieves a card,recupera una carta
GIVES A CARD TO,gives a card to,cede una carta a
TURNS,turns,turni
SKIPS THEIR NEXT TURN,skips their next turn,salta il suo prossimo turno
SKIPS THEIR NEXT,skips their next turn,salta i suoi prossimi
GOT JAILED,got jailed,entra in prigione
A AND B TRADE HANDS,%s and %s trade hands,%s e %s si scambiano le carte
SHUFFLES THEIR HAND BACK INTO THE DECK,shuffles their hand back into the deck,rimischia le sue carte nel mazzo
A REUSES THE BLACK CARD B AGAINST C,%s reuses the Black Card %s against %s,%s riusa la Carta Nera %s contro %s
IS MOVING BACKWARDS NEXT TURN,is moving backwards next turn,indietreggia il prossimo turno
HAD THEIR MOVEMENT ROLL HALVED FOR THE NEXT,had their movement roll halved for the next,ha il tiro di movimento dimezzato per i prossimi
A TURNED B AND ITS ADJACENT TILES INTO C,%s turned %s and its adjacent tiles into %s,%s trasforma la %s e le sue caselle adiacenti in %s
PARKING METER SPACES,Parking Meter spaces,spazi Parchimetro
MINEFIELD SPACES,Minefield spaces,spazi Campo Minato
CAN'T PLAY RED CARDS FOR THE NEXT,can't play Red Cards for the next,non puo' giocare Carte Rosse per i prossimi
IS IMMUNE TO RED CARDS FOR THE NEXT,is immune to Red Cards for the next,e' immune alle Carte Rosse per i prossimi
PLAYS WITH THEIR HAND REVEALED FOR THE NEXT,plays with their hand revealed for the next,gioca con la mano scoperta per i prossimi
IS IMMUNE TO BLACK CARDS FOR THE NEXT,is immune to Black Cards for the next,e' immune alle Carte Nere per i prossimi
,,
THE TURN ORDER IS REVERSED,The turn order is reversed,L'ordine dei turni e' stato invertito
A NEW PAWN HAS ENTERED THE BOARD,A new pawn has entered the board,Una nuova pedina entra in gioco
THE EXTRA PAWN LEFT THE BOARD,The extra pawn left the board,La pedina extra ha lasciato il tabellone
THE EXTRA PAWN MOVED TO TILE,The extra pawn move to tile,La pedina extra passa alla casella
A ACTIVATED A C SPACE PLACED BY B,%s activated a %s space placed by %s,%s ha attivato uno spazio %s di %s
ACTIVATES A RED CARD,activates a Red Card,attiva una Carta Rossa
REACTION!,Reaction!,Reazione!
ACTIVATES A COMBO,activates a COMBO,attiva una COMBO
,,
CLICK ON THE MAP TO SELECT A TILE,Click on the map to select a tile,Clicca sulla mappa e scegli una casella
,,
THE CARD IS NEGATED,The card is negated!,Carta negata!
THE CARD IS REFLECTED,The card is reflected!,Carta riflessa!
THE CARD AFFECTS BOTH PLAYERS,The card affects both players!,La carta ha effetto su entrambi i giocatori!
IS EXEMPTED,is exempted!,si esonera!
THE CARD CHANGES TARGET,The card changes target!,La carta cambia bersaglio!
,,
DICE TOSS,Dice Toss,Cannonata
DICE TOSS EFFECT,"Roll the dice thrice and sum its results:
Move up that much.","Tira il dado 3 volte e somma i risultati:
Avanza del risultato finale."
JACKPOT,Jackpot,Jackpot
JACKPOT EFFECT,Draw 3 Red Cards.,Pesca 3 Carte Rosse.
FULL HOUSE,Full House,FULL
FULL HOUSE EFFECT,"Draw a Red Card, each opponent then discards a Card.","Pesca una Carta Rossa, ciascun avversario poi scarta una Carta."
GRAVETENDER,Gravetender,Custode di Tombe
GRAVETENDER EFFECT,Add a Red Card from the discard pile to your hand.,Aggiungi una Carta Rossa dalla pila degli scarti alla tua mano.
BANKRUPT,Bankrupt,Bancarotta
BANKRUPT EFFECT,"Roll the dice and go back by the result, then sum the digits of your new tile:
Go to the resulting tile.","Tira il dado ed indietreggia del risultato, poi somma le cifre della tua nuova casella:
Vai alla casella risultante."
PRANKZ GONE WRONG,Prankz Gone Wrong,Sch3rz0 Finito Male
PRANKZ GONE WRONG EFFECT,Discard your whole hand.,Scarta la tua mano.
ALMS DE RIGUEUR,Alms de Rigueur,Alms de Rigueur
ALMS DE RIGUEUR EFFECT,Give a Card from your hand to each opponent (following the turn order).,Cedi una Carta dalla tua mano a ciascun avversario (seguendo il giro)
WHAT A HORRIBLE NIGHT,What a Horrible Night,Una Notte Terribile
WHAT A HORRIBLE NIGHT EFFECT,Skip your next 3 turns.,Salta i tuoi prossimi 3 turni.
SWITCHER-DOO,Switcher-Doo,Sinisvolta
SWITCHER-DOO EFFECT,Switch your hand with the next player (according to turn order).,Scambia la tua mano con il prossimo giocatore (seguendo il giro).
SWITCHER-DEE,Switcher-Dee,Desvolta
SWITCHER-DEE EFFECT,Switch your hand with the previous player (according to turn order).,Scambia la tua mano con il giocatore precedente (seguendo il giro).
STRAY SHOT,Stray Shot,Colpo Vagante
STRAY SHOT EFFECT,"Roll the dice twice and interpret the results as the first and second digits of a number respectively:
Go to the resulting tile.","Tira il dado 2 volte ed interpreta i risultati rispettivamente come prima e seconda cifra di un numero:
Vai alla casella risultante."
HIGH STAKES,High Stakes,Posta Alta
HIGH STAKES EFFECT,"Roll a dice:
If the result is even move up five times your movement roll this turn, else go back to the start.","Tira un dado:
Se il fai pari allora avanza cinque volte il tuo tiro di movimento questo turno, altrimenti torna al via."
,,
+1,,
+1 EFFECT,Move up 1 tile.,Avanza di una casella.
-1,,
-1 EFFECT,Go back 1 tile.,Indietreggia di una casella.
+2,,
+2 EFFECT,Move up 2 tiles.,Avanza di 2 caselle.
-2,,
-2 EFFECT,Go back 2 tiles.,Indietreggia di 2 caselle.
+3,,
+3 EFFECT,Move up 3 tiles.,Avanza di 3 caselle.
-3,,
-3 EFFECT,Go back 3 tiles.,Indietreggia di 3 caselle.
+4,,
+4 EFFECT,Move up 4 tiles.,Avanza di 4 caselle.
-4,,
-4 EFFECT,Go back 4 tiles.,Indietreggia di 4 caselle.
+5,,
+5 EFFECT,Move up 5 tiles.,Avanza di 5 caselle.
-5,,
-5 EFFECT,Go back 5 tiles.,Indietreggia di 5 caselle.
MOVE UP!,Move Up!,Avanzata
MOVE UP! EFFECT,Move up 6 tiles.,Avanza di 6 caselle.
BLASTING OFF!,Blasting Off!,Decollo
BLASTING OFF! EFFECT,Go back 6 tiles.,Indietreggia di 6 caselle.
ILL FATE,Ill Fate,Iettatura
ILL FATE EFFECT,"Roll a dice:
Go back as many tiles equal to the result.","Tira un dado:
Indietreggia del risultato."
REVERSAL,Reversal,Inversione
REVERSAL EFFECT,The turn order is reversed.,L'ordine di gioco e' invertito.
REVERSAL 2: THE RETURN,Reversal 2: The ReTurn,Inversione 2: Il Ritorno
REVERSAL 2: THE RETURN EFFECT,The turn order is reversed.,L'ordine di gioco e' invertito.
SWAPAIN,Swapain,Scamburla
SWAPAIN EFFECT,"Roll a dice and count each opponent following the turn order:
Swap hands with the player indicated by the result.","Tira un dado e conta ciascun avversario seguendo il giro:
Scambia la tua mano con il giocatore risultante."
SWAPLEASURE,Swapleasure,Scammata
SWAPLEASURE EFFECT,"Roll a dice and count each opponent following the turn order:
Swap hands with the player indicated by the result.","Tira un dado e conta ciascun avversario seguendo il giro:
Scambia la tua mano con il giocatore risultante."
PRANKZ,Prankz,Sch3rz0
PRANKZ EFFECT,Discard a Card.,Scarta una Carta.
PRANKZ 2: PRANK HARDER,Prankz 2: Prank Harder,Sch3rz0n3
PRANKZ 2: PRANK HARDER EFFECT,Discard a Card.,Scarta una Carta.
MISFORTUNE,Misfortune,Sfortuna
MISFORTUNE EFFECT,Discard 2 Cards.,Scarta 2 Carte.
BACK TO THE STORE,Back to the Store,Torna Indietro
BACK TO THE STORE EFFECT,Go back to the tile you came from.,Torna alla casella da cui sei partito.
RECONCILIATION,Reconciliation,Riconcilio
RECONCILIATION EFFECT,Draw a Red Card.,Pesca una Carta Rossa.
DOUBLE OR NOTHING,Double or Nothing,Lascia o Raddoppia
DOUBLE OR NOTHING EFFECT,"Choose an effect:
- Negate this card.
- Roll a dice:
If the result is even move up as many tiles as your movement roll this turn, else go back by that much.","Scegli un effetto:
- Nega questa carta.
- Tira un dado:
Se fai pari avanza del tuo tiro di movimento questo turno, altrimenti indietreggia."
ALL OR NOTHING,All or Nothing,Tutto o Niente
ALL OR NOTHING EFFECT,"Choose an effect:
- Skip your next 2 turns.
- Roll a dice:
If the result is even move up by five times your movement roll this turn, else go back to the start.","Scegli un effetto:
- Salta 2 turni.
- Tira un dado:
Se fai pari avanza di 5 volte il tuo tiro di movimento questo turno, altrimenti torna al via."
A BAD DAY,A Bad Day,Brutta Giornata
A BAD DAY EFFECT,Skip your next turn.,Salta il tuo prossimo turno.
WHAT A TERRIBLE DAY,What a Terrible Day,Pessima Giornata
WHAT A TERRIBLE DAY EFFECT,Skip your next 2 turns.,Salta i tuoi prossimi 2 turni.
A GOOD DAY,A Good Day,Bella Giornata
A GOOD DAY EFFECT,"Roll a dice:
Move up as many tiles as the result.","Tira un dado:
Avanza del risultato."
LAG,,
LAG EFFECT,"Roll a dice:
Skip as many turns as half its result (rounded down).","Tira un dado:
Smezza il risultato (per difetto) e salta quel numero di turni."
SIKE,SIKE,Sorpresa!
SIKE EFFECT,"Go back to the start.

Nah, just go back to the previous Black Tile.","Torna al via.

Nah, torna solo alla Casella Nera precedente."
SCRIPTED MATCH,Scripted Match,SCRIPT
SCRIPTED MATCH EFFECT,Go back by 3 Black Tiles.,Indietreggia di 3 Caselle Nere.
SHOTS FIRED!,Shots Fired!,Dissing
SHOTS FIRED! EFFECT,"Choose an opponent and roll a dice:
You move up by the result, they go back by that much.","Scegli un avversario e tira un dado:
Tu avanzi del risultato, loro indietreggiano."
THIS GIRL IS ON FIRE!,This Girl is on Fire!,This Girl is on Fire!
THIS GIRL IS ON FIRE! EFFECT,"Roll the dice thrice and sum its results:
Move up that much and skip your next 2 turns.
Tile effects aren't activated when moving with this card.","Tira il dado 3 volte e somma i risultati:
Avanza del risultato finale e salta 2 turni.
Le caselle con effetto non si attivano muovendosi con questa carta."
RESET,Reset,Reset
RESET EFFECT,"Each player shuffles all their Red Cards back into the deck, they then draw as many cards as they shuffled (following the turn order).","Ciascun giocatore mescola le proprie carte nel mazzo, poi ciascuno pesca tante carte quante avevano in mano (seguendo il giro)."
THIS IS A FINE,This is a Fine,Multa
THIS IS A FINE EFFECT,Go back 4 tiles for each Red Card in your hand.,Indietreggia di 4 caselle per ogni Carta Rossa che hai in mano.
MEMZ,MEMZ,MEMINI
MEMZ EFFECT,Go to tile 21.,Vai alla casella 21.
GO TO JAIL,Go to Jail,Vai in Prigione
GO TO JAIL EFFECT,Go to Jail.,Vai in Prigione.
IT'S ALL OVER,It's all over...,Oh no...
IT'S ALL OVER EFFECT,"Halve your tile number:
Go to the tile corresponding to the result (rounded down).","Smezza il numero della tua casella (per difetto):
Vai alla casella risultante."
PAINFUL SACRIFICE,Painful Sacrifice,Sacrificio Doloroso
PAINFUL SACRIFICE EFFECT,"Choose an effect:
- Discard your whole hand (at least 1 card) and make two other players go back 15 tiles.
- Go back 15 tiles and make two other players discard their whole hands.","Scegli un effetto:
- Scarta la tua mano (almeno una carta) e fai indietreggiare due avversari di 15 caselle.
- Indietreggia di 15 caselle e fai scartare la mano a due avversari."
ON THE LOOSE!,On the Loose!,Caccia al Coniglio
ON THE LOOSE! EFFECT,"A new pawn enters the board on tile 64 and goes back 4 tiles at the end of every turn until it reaches the start or ends on a player's tile.
Any player it shares its tile with draws 3 Red Cards.","Una nuova pedina arriva sulla casella 64 ed indietreggia di 4 caselle alla fine di ogni turno finche' non arriva al via o finisce sulla casella di un giocatore.
Un giocatore che capita sulla sua casella pesca 3 Carte Rosse."
GONNA GET YA!,Gonna get Ya!,Assalto Cieco
GONNA GET YA! EFFECT,"A new pawn enters the board on tile 64 and goes back 4 tiles at the end of every turn until it reaches the start or ends on a player's tile.
Any player it shares a tile with goes back to the start.","Una nuova pedina arriva sulla casella 64 ed indietreggia di 4 caselle alla fine di ogni turno finche' non arriva al via o finisce sulla casella di un giocatore.
Un giocatore che capita sulla sua casella torna all'inizio."
,,
F.U.,F.U.,Il Vaffa
F.U. EFFECT,"Choose an opponent:
They go back to the start.","Scegli un avversario:
Rimandalo al via."
GRAVEDIGGER,Gravedigger,Becchino
GRAVEDIGGER EFFECT,"Add a Red Card from the discard pile to your hand, then immediately end your turn.","Aggiungi una Carta Rossa dalla pila degli scarti alla tua mano, poi termina il tuo turno."
GRAVEROBBER,Graverobber,Tombarolo
GRAVEROBBER EFFECT,Use a Black Card in the discard pile against an opponent as if they had drawn it.,Usa una Carta Nera nella pila degli scarti contro un avversario come se l'avesse pescata.
TORNADO,Tornado,Tornado
TORNADO EFFECT,"Average out the tiles of each opponent:
They are all sent to the resulting tile (rounded down).","Fai la media delle caselle degli avversari (per difetto):
Sono tutti mandati alla casella risultante."
BONK!,BONK!,BONK!
BONK! EFFECT,"Choose an opponent:
They go to jail.","Scegli un avversario:
Mandalo in prigione."
CARDMAGEDDON,Cardmageddon,Cardmageddon
CARDMAGEDDON EFFECT,"Roll a dice:
All other players discard cards equal to half its result (rounded down).","Tira un dado e smezzane il risultato (per difetto):
Ciascun avversario scarta quel numero di carte."
RNGALLOWS,RNGallows,Boia
RNGALLOWS EFFECT,"Choose an opponent:
They discard a card of their choice, then they draw a Black Card.","Scegli un avversario:
Scartano una carta a loro scelta, poi pescano una Carta Nera."
YING,Ying,Ying
YING EFFECT,"Choose an opponent:
Steal a random Card from them.
Can be combo'd with 'Yang' to steal one from each opponent instead.","Scegli un avversario:
Ruba una carta a caso dalla loro mano.
Utilizzabile in combo con 'Yang' per rubare una carta a ciascun avversario."
YANG,Yang,Yang
YANG EFFECT,"Choose an opponent:
Steal a random Card from them.
Can be combo'd with 'Ying' to steal one from each opponent instead.","Scegli un avversario:
Ruba una carta a caso dalla loro mano.
Utilizzabile in combo con 'Ying' per invece rubare una carta a ciascun avversario."
JUDGE,Judge,Giudice
JUDGE EFFECT,"Choose any two players with at least one Card in hand each (other than this card):
They swap hands.","Scegli due giocatori ognuno con almeno una carta in mano (questa esclusa):
Si scambiano le carte."
HEART OF THE CARDS!,Heart of the Cards!,Cuore delle Carte!
HEART OF THE CARDS! EFFECT,"Draw a Red Card.
Or, if you're last, draw two instead.","Pesca una Carta Rossa.
O, se sei in ultima posizione, pescane due."
KOBE!,Kobe!,Kobe!
KOBE! EFFECT,"Choose a number from 1 to 6:
Move up that much. This counts as your movement roll.","Scegli un numero da 1 a 6:
Avanza del numero scelto. Cio' conta come il tuo tiro di movimento."
DOUBLE UP,Double Up,x2
DOUBLE UP EFFECT,Double the score of your movement roll this turn.,Raddoppia il punteggio del tuo tiro di movimento questo turno.
TRIPLE IT,Triple It,x3
TRIPLE IT EFFECT,Triple the score of your movement roll this turn.,Triplica il punteggio del tuo tiro di movimento questo turno.
QUICK MATHS,Quick Maths,Quick Maths
QUICK MATHS EFFECT,"Sum the digits of your current tile:
Move up that much.","Somma le cifre della tua casella attuale:
Avanza del risultato."
THE MAGICIAN,The Magician,L'Indovino
THE MAGICIAN EFFECT,"Choose a number from 1 to 6 and have each opponent roll a dice:
If they roll the chosen number they move up 1 tile, otherwise you move up 2.
Tile effects aren't activated when moving with this Card.","Scegli un numero da 1 a 6 e fai tirare un dado a ciascun avversario:
Se fanno il numero scelto avanzano di 1, altrimenti tu avanzi di 2.
Le caselle con effetto non si attivano muovendosi con questa carta."
DICE TAX,Dice Tax,Tassa sul Dado
DICE TAX EFFECT,"Make each opponent roll a dice:
Sum the results and move up that much.","Fai tirare un dado a ciascun avversario:
Avanza della somma dei loro risultati."
JAILBREAK,Jailbreak,Piano di Fuga
JAILBREAK EFFECT,"This card can be activated while in jail. 
All jailed opponents move up 2 tiles, then you move up 3 tiles plus 3 more for each escapee.","Attivabile in prigione.
Ciascun avversario in prigione avanza di 2 caselle, poi avanzi di 3 caselle piu' altre 3 per ciascun avversario evaso."
DUAL CHANCE,Dual Chance,Doppia Chance
DUAL CHANCE EFFECT,"Choose an effect:
- Move up 5 tiles.
- Choose an opponent:
They go back 5 tiles.","Scegli un effetto:
- Avanza di 5 caselle.
- Scegli un avversario:
Fallo indietreggiare di 5 caselle."
MALUS,Malus,Malus
MALUS EFFECT,Make each opponent go back with their next movement roll.,Ciascun avversario indietreggia con il suo prossimo tiro di movimento.
BACKPOCKET PAIN,Backpocket Pain,Dito di Sabbia
BACKPOCKET PAIN EFFECT,"Choose an opponent:
For their next 3 turns the result of their movement rolls is halved.","Scegli un avversario:
Per i suoi prossimi 3 turni il risultato del suo tiro di movimento e' dimezzato."
YEET,Yeet,Yeet
YEET EFFECT,"Choose an opponent:
They roll the dice 4 times and negate this card if they get 2 even and 2 odd numbers;
else they go back 7 tiles.","Scegli un avversario e fagli tirare il dado 4 volte:
Nega questa carta se fa 2 pari e 2 dispari;
altrimenti fallo indietreggiare di 7 caselle."
RULES OF NATURE,Rules of Nature,Punizione Globale
RULES OF NATURE EFFECT,Make each opponent go back 5 tiles.,Ciascun avversario indietreggia di 5 caselle.
IT'S TIME TO STOP,It's time to Stop,Fermi Tutti!
IT'S TIME TO STOP EFFECT,"Choose 2 opponents:
They each skip their next turn.","Scegli 2 avversari:
Entrambi saltano il loro prossimo turno."
CROUPIER,Croupier,Banco
CROUPIER EFFECT,This turn you can activate as many Red Cards as you want.,Questo turno puoi usare quante Carte Rosse vuoi.
PARKING METER,Parking Meter,Parchimetro
PARKING METER EFFECT,"Choose a tile:
That tile and the adjacent ones become 'Parking Meter' tiles.
The first time each one is activated the player who activated it rolls and you advance by the result.","Scegli una casella:
Quella e le caselle adiacenti diventano caselle 'Parchimetro'.
La prima volta che ciascuna e' attivata il giocatore che l'ha calpestata tira un dado e tu avanzi del risultato."
MINEFIELD,Minefield,Campo Minato
MINEFIELD EFFECT,"Choose a tile:
That tile and the adjacent ones become 'Minefield' tiles.
The first time each one is activated the player who activated it rolls and goes back by the result.","Scegli una casella:
Quella e le caselle adiacenti diventano caselle 'Campo Minato'.
La prima volta che ciascuna e' attivata il giocatore che l'ha calpestata tira un dado ed indietreggia del risultato."
MAKE IT RAIN,Make it Rain,Spendaccione
MAKE IT RAIN EFFECT,"Discard up to two other cards:
Move up 4 tiles plus 4 more for each card discarded.","Scarta fino ad altre due carte:
Avanza di 4 caselle piu' altre 4 per ogni carta scartata."
MOM'S CREDIT CARD,Mom's Credit Card,La Carta di Mamma
MOM'S CREDIT CARD EFFECT,"Go back 4, 8 or 12 tiles:
Draw, respectively, 1, 2 or 3 Red Cards.","Indietreggia di 4, 8 o 12 caselle:
Pesca, rispettivamente, 1, 2 o 3 Carte Rosse."
X-F*ACTOR,X-F*ctor,X-F*ctor
X-F*ACTOR EFFECT,"Choose an opponent and a tile adjacent to them:
They roll the dice 4 times and negate this card if they get 2 even and 2 odd numbers;
else they are sent to that tile.","Scegli un avversario ed una casella che gli e' adiacente e fagli tirare il dado 4 volte:
Nega questa carta se fa 2 pari e 2 dispari;
altrimenti mandalo alla casella scelta."
SWITCH,Switch,Switch
SWITCH EFFECT,"Choose an opponent and roll a dice, then have them roll twice:
If neither result is equal to or higher than yours, you two switch places.","Scegli un avversario e tira un dado, poi fagli tirare due volte:
Se nessuno dei loro risultati e' pari o maggiore del tuo, scambiate posizione."
TOPSY-TURVY,Topsy-Turvy,Sottosopra
TOPSY-TURVY EFFECT,"Choose an opponent:
They roll the dice 4 times and negate this card if they get 2 even and 2 odd numbers;
Else they go to the tile corresponding to their current tile's reversed digits.","Scegli un avversario e fagli tirare il dado 4 volte:
Nega questa carta se fa 2 pari e 2 dispari;
altrimenti mandalo alla casella corrispondente alle cifre invertite della sua casella corrente."
UNAWARENESS,Unawareness,Inconsapevolezza
UNAWARENESS EFFECT,"This card cannot be negated.
Until the end of your third turn after activating this card you cannot activate Red Cards but are also immune to their effects.","Questa carta non puo' essere negata.
Fino alla fine del tuo terzo turno dopo aver attivato questa carta non puoi usare Carte Rosse e sei immune ai loro effetti."
TABULA RASA,Tabula Rasa,Tabula Rasa
TABULA RASA EFFECT,All other players play with their hand revealed until the end of their second turn after this card was activated.,Gli altri giocatori giocano con la mano scoperta fino alla fine del loro secondo turno dopo l'attivazione di questa carta.
MIRROR CARD,Mirror Card,Specchio
MIRROR CARD EFFECT,"This card's effect becomes the effect of the last Red Card that was played (discarded cards don't count, combos do).","L'effetto di questa carta diventa l'effetto dell'ultima Carta Rossa giocata (le carte scartate non contano, le combo si)."
KEBAB,Kebab,Kebab
KEBAB EFFECT,"Choose an opponent:
They draw a Black Card.
Can be combo'd with both 'Sauce' and 'Bread' to go to tile 58 instead.","Scegli un avversario:
Deve pescare una Carta Nera.
Utilizzabile in combo con 'Salsa' e 'Panino' per invece andare alla casella 58."
SAUCE,Sauce,Salsa
SAUCE EFFECT,"Choose an opponent:
They draw a Black Card.
Can be combo'd with both 'Bread' and 'Kebab' to go to tile 58 instead.","Scegli un avversario:
Deve pescare una Carta Nera.
Utilizzabile in combo con 'Panino' e 'Kebab' per invece andare alla casella 58."
BREAD,Bread,Panino
BREAD EFFECT,"Choose an opponent:
They draw a Black Card.
Can be combo'd with both 'Kebab' and 'Sauce' to go to tile 58 instead.","Scegli un avversario:
Deve pescare una Carta Nera.
Utilizzabile in combo con 'Kebab' e 'Salsa' per invece andare alla casella 58."
NO U,No U,No U
NO U EFFECT,"You can activate this card when you are chosen as the sole target for a Red Card's effect:
The card targets its user instead.","Puoi attivare questa carta quando sei scelto come solo bersaglio dell'effetto di una Carta Rossa:
Il suo utilizzatore diventa il nuovo bersaglio."
ROULETTE,Roulette,Roulette
ROULETTE EFFECT,"You can activate this card when you are chosen as the sole target for a Red Card's effect:
Choose a number from 1 to 6:
Each player rolls: If someone rolls the chosen number they become the new target, else it's negated.","Puoi attivare questa carta quando sei scelto come solo bersaglio dell'effetto di una Carta Rossa:
Scegli un numero da 1 a 6:
Ciascun giocatore tira un dado: Se qualcuno fa il numero scelto diventa il nuovo bersaglio, altrimenti la carta e' negata."
INSTANT KARMA,Instant Karma,Instant Karma
INSTANT KARMA EFFECT,"You can activate this card when you are chosen as the sole target for a Red Card's effect:
The card also affects its user.","Puoi attivare questa carta quando sei scelto come solo bersaglio dell'effetto di una Carta Rossa:
La carta ha effetto anche sul suo utilizzatore."
OBJECTION!,Hold it!,Aspetta!
OBJECTION! EFFECT,"You can activate this card when any other card is activated:
Negate that card.","Puoi attivare questa carta quando un'altra carta e' attivata:
Nega quella carta."
IMMUNITY,Immunity,Immunita'
IMMUNITY EFFECT,"You can activate this card when a Black Card is activated:
Negate that card.","Puoi attivare questa carta quando una Carta Nera e' attivata:
Nega quella carta."
IMMUNITY 2: THE REVENGE,Immunity 2: Revenge,Immunita' 2: Vendetta
IMMUNITY 2: THE REVENGE EFFECT,"You can activate this card when a Black Card is activated:
Negate that card.","Puoi attivare questa carta quando una Carta Nera e' attivata:
Nega quella carta."
BREAK IN BLACK,Break in Black,Break in Black
BREAK IN BLACK EFFECT,"You can activate this card when you draw a Black Card:
Negate that card, then draw a Red Card.","Puoi attivare questa carta quando peschi una Carta Nera:
Nega quella carta, poi pesca una Carta Rossa."
GIMME THAT!,Gimme that!,Dai qua!
GIMME THAT! EFFECT,"You can activate this card when a Black Card is activated:
Choose its target.","Puoi attivare questa carta quando una Carta Nera e' attivata:
Scegli il suo bersaglio."
EXEMPTION,Exemption,Esonero
EXEMPTION EFFECT,"Activate when a Red or Black card that would affect multiple players is activated:
You are unaffected.","Attiva quando una carta Rossa o Nera che ha effetto su piu' giocatori e' attivata:
Non ha effetto su di te."
ROCK SOLID,Rock Solid,Scolpito
ROCK SOLID EFFECT,"This card cannot be negated. Until the end of your third turn after this card's activation:
You are immune to the effects of Black Cards.","Questa carta non puo' essere negata.
Fino alla fine del tuo terzo turno dopo aver attivato questa carta sei immune agli effetti delle Carte Nere."
INDECLINABLE OFFER,Indeclinable Offer,Offerta Irrifiutabile
INDECLINABLE OFFER EFFECT,"Choose an opponent and have them choose a number from 1 to 6:
They move up that much, you move up twice as much.","Scegli un avversario e fagli scegliere un numero da 1 a 6:
Loro avanzano del numero scelto, tu avanzi del doppio."
CONTROLLED BURN,Controlled Burn,Incendio Controllato
CONTROLLED BURN EFFECT,"Choose a number from 1 to 6:
Every player (you included) goes back that much.","Scegli un numero da 1 a 6:
Ciascun giocatore (te incluso) indietreggia del numero scelto."
,,
OLD THIS IS A FINE EFFECT,"Draw as many Black Cards as the Red Cards in your hand.
This effect doesn't count towards the Black Cards turn limit.","Pesca tante Carte Nere quante le Carte Rosse che hai in mano.
Questo effetto non conta nel limite delle Carte Nere per turno."